Latitude,Longitude,Predicted_Deaths,Predicted_CFR,Confirmed_Cases
41.1533,20.1683,136.57549783549783,1.085073143573,12586.754970800683
-71.9499,23.347,112.5854777444778,1.7603546025340002,6395.613564585961
-35.4735,149.0124,111.15451748251752,0.09218774148139998,120574.07600656354
-34.9285,138.6007,86.1086186680703,0.10767867582869997,79968.12554145422
47.5162,14.5501,56.52783589743589,0.4844967931789994,11667.329215232068
23.685,90.3563,35.217003796203755,1.2473279005626008,2823.395819200333
50.8503,4.3517,59.78318181818183,0.2813578160870002,21248.097049379976
50.4496,5.8492,75.4754545454546,0.3640205412970002,20733.84492988681
9.3077,2.3158,142.3862222222222,0.7267213962909999,19592.958587558456
-22.3285,24.6849,43.19580086580089,1.5580509283309982,2772.4254759806036
-3.4168,-65.8561,37.260752587991696,1.614687882695999,2307.6133156940814
-19.1834,-40.3089,37.89690683229815,1.3745588186490003,2757.0232949031256
-20.7722,-54.7852,27.930732919254634,1.6698012192440013,1672.6980791102915
-25.2521,-52.0215,93.29848447204975,1.926825982419002,4842.081502083531
-30.0346,-51.2177,60.24594805194804,1.5341032423759997,3927.111708507954
-27.2423,-50.2189,98.86828504828505,1.6372620643900009,6038.635304551606
4.5353,114.7277,87.6894428571429,0.3778397159857,23208.106280828786
-3.3731,29.9189,49.27350427350428,0.8838271367929994,5575.015998297481
53.9333,-116.5765,35.51555555555551,1.0454126351520012,3397.276287022455
53.7609,-98.8139,27.60666666666667,1.4182071356619996,1946.5891809788602
44.682,-63.7443,88.13113333333332,0.9264949222559997,9512.316928703234
52.9399,-73.5491,67.96331717171712,1.135751821792998,5983.9936742891805
6.6111,20.9394,116.89025757575757,0.9643058033240007,12121.700105177442
-18.594,-69.4785,109.78950621118011,1.6435721083140018,6679.932426195991
-29.959,-71.3389,92.9262987012987,1.0978553186029993,8464.348364185702
-35.5183,-71.6885,65.19,0.9787478639399992,6660.550934698783
-19.9232,-69.5132,93.91426397515532,1.6097510669360013,5834.086145624469
40.1824,116.4142,15.24548387096774,0.10502732903580002,14515.73034459546
23.3417,113.4244,16.86380952380953,0.17745530965879985,9503.130425476827
37.8957,114.9042,10.510430107526881,0.20120189046230016,5223.822740122938
30.9756,112.2707,11.241212121212127,4.538408970630103,247.6905936410447
27.614,115.7221,11.275772350230413,0.05308296399939999,21241.791152351376
37.2692,106.1655,9.651763440860215,0.23354201685199996,4132.773866972607
31.202,121.4491,9.461855278895952,1.3731177072497982,689.0782362603854
31.6927,88.0924,45.37571737248263,1.406681135691001,3225.7287185551695
29.1832,120.0934,6.617619047619047,0.06398401856249995,10342.612415246971
10.6966,-74.8741,46.656905797101466,2.557450277131998,1824.3524112392101
4.711,-74.0721,35.773500000000006,1.881923052489998,1900.9013122331226
9.3373,-73.6536,97.79778787878786,2.5055291422790003,3903.278801612027
2.5854,-68.5247,45.96357359307359,1.2368980331060013,3716.0357897613812
10.4113,-74.4057,102.24773913043472,2.9130323194340026,3510.010460519068
0.436,-75.5277,104.74323913043483,3.537859687709995,2960.6385887574193
6.6437,-73.6536,90.47299999999997,2.620385753819999,3452.659589074182
3.8009,-76.6413,69.12265217391312,2.6316123396170004,2626.6274531898985
-0.228,15.8277,55.92476379176379,1.0715526429880002,5219.040255065664
45.1,15.2,95.82444102564114,1.1838695633160015,8094.172195561669
61.8926,-6.9118,44.19796233766234,0.2085075105596,21197.299904949345
11.8251,42.5903,133.7645767676768,1.4606942643416008,9157.602657389114
26.820553,30.802498,104.22296015096005,3.8916556575629984,2678.113618516437
58.5953,25.0136,104.05784465534465,0.6318190512339994,16469.564260860814
61.92411,25.748151,125.65463869463869,0.673262329129,18663.548108684205
14.6415,-61.0242,57.28762237762241,1.178603257031,4860.636693125616
17.9,-62.8333,54.984742857142855,0.5653385372720002,9725.985269369343
46.2276,2.2137,96.8045520923521,0.47639840662800004,20320.083095479957
48.6616,9.3501,82.08267252747254,0.43644334839800014,18807.17688303957
53.0793,8.8017,72.12281298701296,0.30112895963200004,23950.806018508454
52.6367,9.8451,82.89,0.3471509622579999,23877.220290807316
51.1045,13.2017,95.5424475080475,0.7440571730109995,12840.740063214884
15.7835,-90.2308,125.1339047619048,2.2888504293740026,5467.107118752568
18.9712,-72.2852,65.44625714285716,2.3030500198509976,2841.7210472524343
64.9631,-19.0208,77.0565051948052,0.16334411179559993,47174.33909783634
26.357149,92.830441,69.75897235023047,1.1030737277271985,6324.053469568498
20.194742,73.080901,19.10401645021645,0.3114302904469999,6134.283348866358
29.20004,76.332824,23.27630909090911,1.1144642404049987,2088.5649128096247
14.70518,76.166436,44.304814718614736,1.4581332828405977,3038.461246306941
23.541513,78.289633,50.61117022977019,1.0433853543700016,4850.6690282546015
23.309381,92.83822,57.16415084915081,0.6801694769309994,8404.398137223363
30.841465,75.40879,56.279327272727244,2.2959901542679995,2451.2007234922157
18.1124,79.0193,63.54565108225108,0.9840237057168992,6457.73579569972
30.156447,79.197608,36.886528740824424,1.3138296846811994,2807.5578722956725
33.223191,43.679291,87.29963722943732,1.1727722118329986,7443.86986224642
40.63947052,15.80514834,106.89501904761916,0.6751201410010004,15833.480969642818
45.6494354,13.76813649,110.88804102564102,0.9048229251229994,12255.220104040485
43.61675973,13.5188753,106.4074571428572,0.6100707578749993,17441.822242635597
45.0732745,7.680687483,111.37992869352874,0.7877629811250005,14138.761450108712
43.76923077,11.25588885,115.41505714285718,0.6865776772159994,16810.19656957872
18.1096,-77.2975,111.8472347985349,2.254709510088002,4960.605093388259
35.510141,140.198917,168.33969247311828,0.17122446232299993,98315.21161711124
37.378867,140.223295,149.89880286738332,0.14756613602099997,101580.76026741759
43.385711,142.552318,143.4693442272547,0.3995826966122003,35904.79403728871
39.593287,141.361777,156.14890752688183,0.21842609754500003,71488.21010031189
33.422519,133.367307,161.27292688172057,0.16724240918,96430.64081201162
38.446859,140.927086,144.35781648745512,0.1948698463560001,74079.09391160162
34.317451,135.871644,174.03017921146957,0.20848455435599988,83473.89558379591
25.768923,126.668016,127.59045790422769,54.17609755188626,235.51061015797612
35.997101,139.347635,180.09711827957003,0.17667638527599994,101936.15745433455
36.689912,139.819213,147.76541505376332,0.1452411057710001,101738.0129883776
36.637464,137.269346,149.43699283154103,0.14231812574000013,105002.08041282548
34.20119,131.573293,164.684399283154,0.1789655491439999,92020.16816691634
-0.0236,37.9062,52.440866666666615,1.6419242919540031,3193.8663020971794
42.602636,20.902977,60.69077702297705,1.265018492743999,4797.619747939843
56.8796,24.6032,71.56253996003997,0.6843748318180011,10456.629413144597
26.3351,17.228331,91.05289090909099,1.7693919812960013,5145.9988443261045
6.1184,100.3685,185.25321428571417,0.7181625510429999,25795.443387665888
3.8126,103.3256,150.8826190476189,0.6788652355085999,22225.71007551727
5.9788,116.0753,162.3622523809525,0.7070960146462988,22961.839554727063
3.2028,73.2207,68.2256393939394,0.5226923002627999,13052.734727417415
21.0079,-10.9408,36.8003069597069,1.4346721453068005,2565.0673626089856
26.0444,-111.6661,39.820841269841225,3.245233566990003,1227.0562487363761
19.4326,-99.1332,33.909428571428535,3.857245126460005,879.1100243750644
21.019,-101.2574,41.53285714285712,4.369739170859995,950.4653600339072
19.4969,-99.7233,38.92371428571423,5.705803657470002,682.1775970989739
25.5922,-99.9962,57.50809523809524,2.6132769942779985,2200.61231029142
19.1817,-88.4791,51.481981684981726,2.8991177872559986,1775.780960376542
17.8409,-92.6189,55.37851428571431,3.3772257539559978,1639.7634721589252
19.1738,-96.1342,60.519714285714365,6.386823613149991,947.5714056218621
47.4116,28.3699,16.01333333333333,2.22675585378,719.1328724318881
31.7917,-7.0926,51.19677777777777,1.3827702986929995,3702.478844546284
28.1667,84.25,53.417773765365084,1.1203345050537992,4768.020044406285
52.862485,6.618435,57.295757575757534,2.925153167310003,1958.726750313975
53.217922,6.741514,67.52967272727267,1.548781978662,4360.179396302885
52.444558,6.441722,73.72560606060597,84.31731693032398,87.43827335199657
51.47936,3.861559,52.12136363636363,0.2542236611670003,20502.16860110631
-40.9006,174.886,32.97948717948715,0.1307266210341001,25227.82805721295
41.6086,21.7453,113.24866435786433,1.063394664592,10649.73035211863
28.328492,65.898403,59.902854589854584,1.3305450982122002,4502.128839551822
30.811346,72.139132,80.42261082251089,2.3282572388680034,3454.197821440568
-6.314993,143.95555,117.66970256410258,0.4780261147317001,24615.74774636457
-14.027713,-72.975378,16.11204347826086,4.032155927332995,399.5887998537277
-11.954609,-77.136042,18.0301242236025,5.82128675186,309.7274707836986
-14.235097,-75.574821,20.53786956521743,5.8303348826820045,352.2588320993636
-11.766533,-76.604498,22.531863354037295,4.998116201680008,450.8071130171743
-10.39655,-75.307635,28.014000000000028,4.415609593799994,634.4310882767986
-17.644161,-70.27756,30.298177018633513,2.9536529215679956,1025.7866385516015
12.879721,121.774017,40.111014492753604,1.268077227049301,3163.1365690627727
45.9432,24.9668,34.964970895288246,2.068906772417998,1690.0215786148526
52.8032368,128.437295,43.414076213641444,42.61267755224398,101.880657840416
50.7080119,37.5837615,39.924158305462626,1.5867442548700006,2516.1054267521863
54.4223954,61.1865846,54.83904834296143,2.008367047759997,2730.529183105517
43.11542075,45.01713552,61.1028744442561,1.9751990313500003,3093.5046784877054
43.4806048,43.5978976,59.36544642024643,2.5561007886900016,2322.500219197974
57.1914882,160.0383819,67.1090290868551,1.4050937716930005,4776.124586047755
51.6312684,136.121524,72.26262033431728,0.7572629936650006,9542.605533195374
63.9881421,54.3326073,78.07286047286044,1.4772854128939996,5284.886711222298
55.7655302,64.5632681,81.88014492753611,1.410965832437999,5803.12740713614
62.48858785,153.9903764,82.33277389277377,1.556314989529001,5290.238444448238
55.5043158,38.0353929,95.46097902097885,1.5155159297899978,6298.909641563893
42.7933611,44.6324493,79.98100650074554,2.6866398044080033,2976.990304748694
52.9685433,36.0692477,79.90767710550324,1.7602116363099987,4539.663041486128
45.0819456,134.726645,96.91761460412728,0.6884297646983998,14078.068609742166
59.9606739,30.1586551,80.05604811854822,1.6427683524069994,4873.240222898703
51.6520555,46.8631952,73.2525239012195,1.9606200216700018,3736.191770541292
52.9019574,41.3578918,85.50729096989971,2.2891127059699987,3735.3901687276893
57.1134475,35.1744428,67.65540792540794,1.594015014627999,4244.33943874719
54.1463177,47.2324921,80.23016823755952,2.353873835000999,3408.43111659489
50.9800393,40.1506507,61.92240194588018,1.8960492236099995,3265.8646819296437
-1.9403,29.8739,42.02420268620271,1.2728818557310007,3301.500645719293
-13.759,-172.1046,28.295,0.3454817605935,8190.0126800883145
14.4974,-14.4524,77.74744988344992,1.4310009792080003,5433.081529160092
1.2833,103.8333,130.68360952380948,0.4208609379595003,31051.494148498343
5.152149,46.199616,133.50754884004886,3.4994381821150014,3815.1137951909514
41.5976,-0.9057,155.93076190476194,1.0080868600159993,15467.988730880506
28.2916,-16.6291,144.5605281385281,1.014316411718,14252.015097900121
41.5912,1.5209,175.86876190476193,0.7517035575290002,23396.026284999592
42.2871,-2.5396,172.2560000000002,0.9013044842919997,19111.85431805681
42.6954,-1.6761,125.69582857142868,0.7596667923250009,16546.179172414508
12.8628,30.2176,63.356839627039605,5.164372793207992,1226.806083990768
61.0917,14.6664,65.46073626373631,0.7306980578880012,8958.657486095288
63.1712,14.9592,87.65816483516471,0.6486810707253003,13513.291629914955
66.8309,20.3992,100.95867965367961,1.0042891216959993,10052.750495114897
59.0336,16.7519,105.38714285714295,0.8763638407199988,12025.501048806336
65.3337,16.5162,108.83892857142857,0.7938243770599995,13710.706261569265
46.8182,8.2275,114.0992315018314,0.3612717049820005,31582.66477235357
-6.369028,34.888822,116.32417777777786,2.1033467633470004,5530.432727729319
-21.179,-175.1982,21.505,0.21226594618209982,10131.158759470149
-7.1095,177.6493,73.57000000000002,0.31839595174230023,23106.449563009923
32.99642064,-87.1251146,107.98166666666668,1.9279716050340001,5600.791338665094
33.77483727,-85.82630386,127.40633333333334,1.6129931993589985,7898.752045821672
32.02227341,-88.2656443,77.96833333333333,1.4041703797499994,5552.626266565667
31.39932826,-85.98901039,90.6233333333333,1.67912507785,5397.056748706893
31.2477854,-86.45050893,87.71666666666665,2.1632563736299995,4054.8437871686865
32.32688101,-87.1086671,122.77,2.1333560308599973,5754.782522189183
34.04567266,-86.04051873,123.242,1.8003047235699983,6845.618876987199
32.85504247,-87.95684022,104.97833333333334,1.884283741100001,5571.259308964234
34.78144169,-85.99750489,91.38666666666668,1.3664133417119988,6688.06896690331
34.52041498,-87.31069453,165.09166666666664,1.7620727206069984,9369.174423731838
32.38759944,-85.69267724,115.64833333333335,1.4140295459120005,8178.636271616529
34.36975964,-86.30486727,123.48833333333322,1.3156164510230008,9386.3476119739
34.45500589,-86.85475946,93.58999999999997,1.2838779037059984,7289.633985431657
31.80396383,-85.9408295,108.72833333333334,1.79980445479,6041.119247369553
33.71902176,-86.31029372,75.13,1.4712978278900002,5106.376056283894
33.28726072,-87.52556818,78.16,1.4550431709900007,5371.661924423899
31.98773215,-87.30891118,67.30333333333333,1.4737976037699996,4566.660521171309
61.14998174,-149.1426986,21.8,0.5186728877461,4203.034420158762
61.16666,-149.9,13.59,0.49987208369310004,2718.6955309838177
64.80726247,-146.5692662,98.43,0.5274686812580007,18660.82357065195
55.57445008,-130.975561,19.433333333333334,0.4351927933439995,4465.4538472497625
64.90320724,-164.0353804,19.8,0.21403246813209975,9250.932894807129
55.76261984,-133.0511621,10.322222222222221,0.4730576078479997,2182.0222423182972
65.50815459,-151.3907387,15.72,0.5337107192310007,2945.4158280070205
35.83883429,-111.7707178,115.99041269841277,1.5345343926319992,7558.671428632407
33.72854224,-113.9810029,138.40344444444443,2.2341889319449977,6194.795904031079
33.19153461,-91.7698471,82.57333333333334,1.4949359656820003,5523.536474397604
33.46755808,-92.15980837,72.06666666666666,1.6314829497700012,4417.249146049996
34.04613432,-93.17484713,89.335,1.5034053372899996,5942.176589650334
33.21230701,-93.22642793,99.66,1.6693143827700003,5970.115697117985
35.21247318,-90.30839406,97.11333333333334,1.4706054895799983,6603.629186850696
33.59035001,-91.71777921,84.35,1.5114149856400017,5580.863019184792
34.57692074,-93.14921604,83.245,1.9543452877299996,4259.482729210573
34.31709259,-92.95396325,116.965,1.3502518320340022,8662.458159660884
35.59802983,-91.21494602,66.74,1.23428350537,5407.185602791751
36.04188196,-91.10867198,79.64,1.5079355224800008,5281.3929251445325
35.21413234,-93.71951016,81.38,1.5713122290939985,5179.110713529088
33.31403423,-93.89285258,61.7675,2.1043445481400003,2935.2370102412838
33.66340119,-93.30632432,111.135,1.814495006310002,6124.844632447165
34.43268455,-90.84800154,98.38,1.5023295920300002,6548.496449907872
35.44871474,-93.03212219,101.05,1.3220749451699993,7643.288330148822
34.64916145,-92.67583224,70.265,1.6081969792940007,4369.17870787485
33.99780401,-94.2424869,80.9025,1.4729394944490002,5492.588141257232
35.25688493,-91.74908296,62.23,1.3113604336020006,4745.4535309616385
38.59678594,-119.8223594,87.32199999999999,1.2962358029889993,6736.582942597602
39.17881957,-122.2331726,53.07293939393939,0.5290212012050004,10032.28968386338
36.75733899,-119.6466953,55.72775757575755,0.984356429176999,5661.339320184095
36.51112084,-117.4111978,62.93566666666669,1.1266751866859983,5585.96367527944
40.67311306,-120.5935099,57.08090909090909,0.8123745459769988,7026.427572550415
37.57978556,-119.9073334,47.937363636363635,0.9801660512350011,4890.739031000201
37.93899289,-118.8872409,25.256242424242423,0.6224814606480005,4057.348534999064
33.70147516,-117.7645998,91.48277777777776,1.1153628497339985,8202.064269900631
33.74314981,-115.9933578,72.7545050505051,1.043173747768001,6974.34202175547
33.03484597,-116.7365326,90.23570707070706,0.7949226074749995,11351.508464117369
37.4228808,-122.3275546,57.810909090909135,0.49207308349799983,11748.439617942264
40.76391419,-122.0396884,26.73230303030308,1.3327251166049994,2005.8377153123129
38.52746429,-122.8862506,104.62527272727273,0.5983323590340002,17486.146478219707
40.6491767,-123.114713,35.78090909090909,1.0549553355149992,3391.698955050251
34.44465746,-119.0910613,83.5869292929292,0.7724241660580009,10821.376772752692
37.57250606,-105.7885451,59.32,1.4511020418250007,4087.92753991272
37.95474293,-103.0720195,42.965,1.7084196831369978,2514.8972716766957
38.82777431,-102.6032558,18.43,2.4224354485660005,760.8045865952768
38.32608609,-103.7844965,46.255,1.1520240624620022,4015.1071064564376
37.75208676,-108.5211585,32.945,1.6152420013610012,2039.6324496416375
39.28656773,-104.1358721,41.485,0.932683220333999,4447.919625394783
40.10603347,-106.1178042,39.41666666666667,0.6562650359594009,6006.2115924007785
40.6659387,-106.3408905,32.93166666666667,0.5563499130112008,5919.236418754264
37.28632032,-107.8429014,78.80818181818182,1.3357140113719999,5900.078994996298
38.98749519,-103.5136649,26.025,1.038954701612,2504.921529265969
40.61810999,-108.2070876,54.125,1.073094889773,5043.8223605229805
37.9014485,-103.7173385,93.405,2.2212328790419975,4205.09712787454
40.59414277,-102.3577703,17.995,1.5946050766360003,1128.4925818725278
39.97913541,-108.2179009,43.44,0.8374435862819998,5187.215080703008
37.76248981,-107.6763289,36.07909090909091,1.2743790339999987,2831.111462642828
38.88133511,-105.1614893,52.67,1.1283742768145988,4667.777446033903
40.00346839,-102.4258673,24.44,1.5515734346020003,1575.1752031169053
41.45949668,-72.53714864,72.20857142857139,1.2758294919800002,5659.735245382094
38.66143781,-75.39031349,122.93661904761898,1.3025020513900005,9438.49715372224
29.67866525,-82.35928158,134.58352380952388,1.3425659291700014,10024.351198359835
28.29409504,-80.73091022,152.33249999999992,1.3449468209400015,11326.28425364303
28.84804315,-82.47614748,126.35266666666655,2.5870768327759963,4883.9935894399805
27.18677893,-81.80941373,149.44099999999997,1.5486512563200001,9649.751639701686
29.45933576,-81.31508595,83.70914285714285,1.3870877819429988,6034.884305583395
26.95635849,-81.18996211,80.51799999999999,1.6538764541270004,4868.441037362822
26.55386945,-81.16469006,153.7986666666667,1.2420066347620022,12383.07931391511
30.86747479,-85.81319222,113.65,1.7129497246399992,6634.753978193095
29.98484137,-83.18166636,80.60899999999998,1.9623458238500004,4107.787680453292
29.31829741,-82.74007147,113.04716666666664,2.184758841464998,5174.354465175774
29.21227113,-82.05803627,120.28580952380968,2.163340205453997,5560.189249039846
30.61037141,-81.80297522,140.905,1.4016719076849993,10052.637798293228
28.06312234,-81.14882926,172.52316666666684,1.0498912259089994,16432.480090239413
27.95027105,-81.69732947,153.76866666666672,1.2826720585189992,11988.151269484371
28.7158582,-81.24060348,124.98100000000002,1.1089667168569997,11270.040669409578
30.19746066,-82.9909967,107.23933333333324,2.1497644207199973,4988.422559222407
29.05858895,-81.18263252,94.42683333333332,1.2329634796059998,7658.526379346445
31.74847232,-82.28909114,116.38714285714286,2.5076119636099987,4641.353787832072
33.06882326,-83.24701748,115.43,2.6762612777199983,4313.106532645382
31.76095874,-83.22145359,87.84899999999998,2.391606177480001,3673.221821686593
31.19576557,-81.97743999,106.17366666666666,2.388440855569999,4445.312782984045
33.05917989,-81.99928721,114.73083333333334,2.3615273746999956,4858.33171203059
32.40209349,-82.07702563,100.91833333333334,3.6547164558299983,2761.3177260946895
32.00043026,-81.12489526,62.0175,1.2563909028200015,4936.162770742779
33.95436462,-83.37124007,65.01666666666661,0.971790160884998,6690.401825786823
33.94243204,-84.5761255,70.65683333333325,1.0109710802890017,6989.006383163296
31.16068491,-83.42947229,89.46716666666667,2.11281579878,4234.499132310899
34.8549167,-85.50490424,132.44933333333336,1.5237692137089989,8692.217439604197
32.17265114,-83.16948926,140.1,2.835172139760004,4941.4988964959075
31.32155345,-84.90255207,56.973333333333336,2.036271364709998,2797.924398521774
32.59221302,-82.30239915,93.84616666666666,3.2222640009900014,2912.4294793298614
34.26268279,-85.21577392,135.8496666666667,1.6518667951339991,8224.008562121779
34.69316688,-84.45802506,170.45800000000003,2.183971985547998,7804.953595008182
30.87454847,-84.23418364,99.41333333333334,1.7120870845429979,5806.55821954696
34.32207823,-83.81896936,88.535,1.5464617413410002,5725.004223074259
34.34626973,-82.96567682,101.94166666666666,1.9547391017099998,5215.103467132181
31.60213036,-83.27501387,79.41666666666666,2.2471749089800013,3534.066990037464
33.05867328,-82.41609057,111.2575,2.896817451839998,3840.680396665367
33.07841647,-84.14263877,124.17599999999999,2.2696310234999975,5471.197684305011
31.82588896,-81.49251135,123.22666666666666,1.1388519185700003,10820.253683323137
34.57286511,-84.00425681,153.24416666666667,2.2087877981259982,6937.930696497129
33.47851918,-82.48252774,50.23866666666666,2.3693459377100003,2120.3601326036373
31.22483255,-84.19381821,103.42583333333334,2.005263884317999,5157.716854233827
34.78897608,-84.74993177,94.098,1.5132292096459974,6218.357364514074
33.8786296,-83.08278123,71.17583333333332,1.5839812555580013,4493.476995613793
34.46589159,-84.46406611,166.78916666666663,1.84303997723,9049.677094760727
32.23334561,-83.4754996,97.76833333333335,2.8358042279240023,3447.6404390195257
31.76622818,-84.75732369,42.52166666666666,2.3054813364220035,1844.3726260069514
32.74976524,-81.60779441,80.80499999999999,2.061152570866001,3920.3793616330627
32.07996777,-84.83208037,38.73,1.2501924597440022,3097.9230196229637
32.04785085,-82.05539188,122.09833333333334,2.626185538090001,4649.265315128278
30.86392347,-83.91847289,94.89616666666667,1.7908172408899987,5299.042498580439
32.40422134,-82.56904553,74.318,3.4071905158300018,2181.2105796466126
33.78017694,-83.73552314,93.08249999999987,1.6775425425639987,5548.7415453399
31.5521809,-81.91894878,83.29566666666666,2.547478395869997,3269.7300515563393
34.80987459,-84.96093476,118.98200000000001,1.3741819514300004,8658.38762299163
31.55162306,-83.85090513,112.774,2.3706665749300027,4757.058676770259
21.45803166,-157.9712182,82.145,0.5537484021549992,14834.354316928007
42.28269683,-111.3289238,33.295,1.0826642578690013,3075.2839357174553
43.98829931,-115.7309284,51.91,1.375718168431,3773.301915406344
43.72592209,-113.1735463,25.15,1.6881796201760009,1489.7703834013819
42.28347888,-113.6012409,52.352222222222224,1.1431024920680013,4579.8362426374515
43.3507101,-115.4701578,52.2,1.1613660251600002,4494.706997547001
42.96927962,-114.8108306,48.76,1.4727228519399989,3310.8741360106605
47.67282258,-116.7020872,69.65333333333331,1.371903665872,5077.130054103378
43.0012336,-114.1358773,33.27,1.2916165557900012,2575.8418666018742
42.1949428,-112.5407838,98.73666666666666,1.1335560469000014,8710.347136049188
47.35364087,-115.8916749,69.335,2.176840748618004,3185.12045697501
44.76728382,-115.5676773,26.45,0.9586018030509998,2759.227023756474
38.88829622,-89.43534887,97.43333333333335,1.0159139549770002,9590.707249959883
39.16840183,-90.66330078,74.88,0.9409188146029988,7958.17862687697
39.54581621,-89.27780482,111.72166666666668,0.9431361193200007,11845.762703608232
39.51949084,-88.22358557,143.02,0.9900139816089991,14446.260624275206
40.17514519,-88.90959682,55.515,0.7896514589379998,7030.31690394924
39.6809186,-87.74759563,89.335,0.8478232170010004,10536.98438643897
40.59706922,-88.22350769,80.48499999999999,1.1791081112870003,6825.922002364172
39.35907414,-90.388865,66.05416666666666,1.0931040097069984,6042.8070961309695
37.51810645,-88.26873022,58.023999999999994,1.2277779989439985,4725.9358002754525
37.78595185,-89.38232563,122.64899999999997,0.8315594248970001,14749.276639512771
42.36542373,-90.21094405,67.16833333333334,0.9419448615060005,7130.813710894207
41.59081014,-88.42869583,145.07666666666665,0.5468896682079991,26527.59324235204
38.71987914,-87.72884035,55.53,0.795821793189999,6977.6928044922815
39.86064913,-88.96342505,99.61816666666665,0.8512263258859992,11702.900114488242
41.0327901,-89.34510444,53.165,1.0519330524410004,5054.028854462851
42.32451172,-88.45248227,90.10899999999994,0.6419528503319999,14036.700663202617
38.27594376,-90.17761038,80.23166666666667,1.079613049897999,7431.520642905058
42.04165196,-89.32184679,119.74266666666666,0.8104694151130009,14774.483087677203
40.01360584,-88.59319339,53.555,0.5659880238509997,9462.214347860252
41.2013541,-89.2869272,40.608333333333334,0.8831559765739996,4598.093022125494
37.75332999,-88.54119706,93.35899999999997,1.0415396280859994,8963.557168877242
39.39133527,-88.80611122,86.64,1.0403147336270007,8328.248865411562
40.50716185,-89.51404662,112.67499999999998,1.021209084653001,11033.489781212245
38.44272901,-87.84922065,39.76,0.8908412616659998,4463.196947752864
38.08706198,-88.17657461,59.41,1.0433382256759995,5694.222500235442
42.33641854,-89.16085327,100.88100000000004,0.8169575126379996,12348.377784574119
39.20744865,-85.89558181,73.28000000000007,1.3096021246029992,5595.592632549724
39.19605589,-86.22868909,84.585,1.7672902311279992,4786.140867536645
39.39561833,-87.11723506,103.575,1.3472729994139996,7687.751483556061
41.39804622,-84.99906934,146.145,1.2274413886420017,11906.474830679266
38.36597551,-86.8792417,139.97,1.203298973906002,11632.18809583511
40.12361933,-87.24217689,92.76666666666668,1.582850268427998,5860.735441438663
40.51587228,-85.65468702,145.10666666666668,1.7235147663170007,8419.2296754583
38.19467379,-86.10948271,130.45166666666668,1.1716367389520004,11134.139305272418
40.82907273,-85.48822092,154.45250000000001,1.4202196866919998,10875.254120702511
38.78576239,-85.43633383,144.85000000000002,1.4988117044899978,9664.322714192327
41.24521668,-85.86312322,126.09583333333332,1.433766076252,8794.72847223166
38.84112637,-86.48361629,113.00166666666667,1.3672447200709994,8264.91885525794
38.7099921,-86.80373186,69.08,1.3662901980400006,5056.026904028009
39.47899078,-86.44573375,119.375,1.4863728699350007,8031.2956738251205
38.5411892,-86.49523093,94.29,1.678362837783001,5617.974723782042
38.40112197,-87.23574907,68.11,1.2107582763340015,5625.40032402067
39.66437981,-86.84517605,136.95,1.2658564763599993,10818.762044319827
38.68672078,-85.74627859,111.59666666666668,1.26742234763,8805.010174812322
41.27890281,-86.64686895,99.14333333333332,1.8564467758660015,5340.48886411433
40.38872739,-86.89413959,86.52,1.0430372878349998,8295.005462325022
38.02658833,-87.58763124,68.28,0.9885669683470002,6906.967578956453
40.34728141,-87.35602659,46.25333333333333,1.3567875809160008,3409.0327759417255
40.72934187,-85.22132966,124.08666666666666,1.4674191385999997,8456.116143139056
41.02903567,-94.69932645,25.375,1.5510539244350015,1635.9843845689174
42.08011739,-92.06463573,79.11,1.3299194467290005,5948.480578622621
42.4709188,-91.83510825,76.64,1.4923178365389995,5135.635192684177
42.03617207,-94.86032705,64.045,1.3674387467370008,4683.573589882909
42.73538914,-95.62389402,67.7,1.9460542359140005,3478.8341840947433
42.84443388,-91.34133693,72.33,1.3429791493310006,5385.787265277416
40.74773536,-92.41005468,37.07,1.9780365989500004,1874.0805918190717
43.37787725,-95.1510206,61.07,1.4848285167929987,4112.93286122372
43.0600053,-92.78940097,86.62,1.3692901174949987,6325.905583724216
42.40183723,-92.78829551,61.42,1.5726778096409988,3905.440747206866
42.38353877,-93.23654611,74.46,1.4442291366200013,5155.691580510715
42.7764426,-94.20722537,118.0,1.6166412468809992,7299.083839884605
41.68576082,-93.05567785,113.39166666666664,1.1290890828229982,10042.756447804792
41.33649833,-92.1785067,64.515,1.9952050508650019,3233.5022393828717
41.21842119,-91.26102611,76.99,1.922732276260003,4004.1976176608878
41.33521503,-92.64083907,93.865,1.6562244274209994,5667.408259770838
43.35638371,-92.78887719,57.07,0.9293410147929997,6140.910504494596
41.48370744,-91.1121697,118.5,1.1668835979720014,10155.25457774438
43.08193849,-94.67824621,42.87,1.5870816160799996,2701.184335175303
41.33640314,-95.53907776,59.29999999999996,1.5657424942579996,3787.340524860829
41.63935978,-90.61959493,76.8,0.905886884973,8477.879664003418
42.07991767,-92.53266945,91.48,1.8283893333159977,5003.310746409264
40.75326764,-91.95017958,35.48,1.648928096461001,2151.700858039151
40.73969028,-93.32752197,34.43,2.150125415089996,1601.3019407316242
42.38979414,-96.0459439,42.01333333333334,1.400529167549002,2999.818519085814
38.21413251,-95.29272815,47.45,1.233996715954998,3845.2290339588253
37.85508555,-94.84865997,71.605,1.1076026268119987,6464.863685462713
37.14994405,-96.2454192,47.64,1.977489653520003,2409.1150067561202
39.34948772,-97.16518128,50.54,1.6834008562529976,3002.2558092607005
37.23781842,-96.83776647,118.16,1.3958596351059998,8465.034522688742
39.79067154,-95.14056866,41.66,1.3807025540690012,3017.304478595034
38.91458712,-99.31751551,69.44,1.3128561644899976,5289.231362749872
38.56443815,-95.28644341,89.8,1.0123473346849985,8870.47329738287
37.56227336,-101.3079758,33.79,1.407766029746999,2400.2568101513766
37.99978709,-101.7921066,15.06,1.2221362917339986,1232.268454988149
38.08780079,-99.89829881,29.25,2.260605469922003,1293.9011423788693
38.88548175,-94.82250877,40.71166666666667,0.8094881852100002,5029.309557631791
37.19113093,-95.29849679,85.62,1.2135611576270016,7055.268658023088
38.21267844,-94.84254089,46.655,1.0706873724979995,4357.481109649229
39.78359669,-96.52278974,50.45,1.5686407118899999,3216.160311127879
39.39331582,-98.20906732,23.425,1.6356474201569995,1432.1546142108991
39.78345387,-96.01392079,55.775,1.6463396365170004,3387.818574179366
38.65235984,-95.72707998,66.325,1.4566788227899992,4553.1656644095865
38.18108732,-99.23692334,30.385,1.3727733220839977,2213.4025706350953
39.78525843,-101.0761617,12.46,1.462724214410002,851.8352179618365
39.28935726,-96.73420026,74.98,1.2616246423679995,5943.130585913945
38.78369175,-97.65185177,50.48166666666667,1.5175088658049998,3326.614282407334
39.04100763,-95.7557264,61.295,1.4075743950079995,4354.6543768758775
38.03100851,-98.71762001,45.15,2.033432799176001,2220.383187400928
39.35107575,-101.0553705,26.6,1.257780282609999,2114.8367777560306
38.91686134,-101.7638876,13.53,1.8598553829549997,727.4759168910804
37.8865336,-95.74006277,31.59,1.590505817690001,1986.1606068112526
38.00671029,-84.99171713,83.615,0.9365965735570003,8927.53639728229
36.73355174,-83.67766671,139.12833333333333,1.4824993416399994,9384.714679159591
37.62680923,-84.8633779,127.00666666666666,1.476212964348001,8603.5463536768
37.97162523,-85.68955617,93.34999999999998,0.9482316554109995,9844.640754957558
38.94384345,-84.37875208,77.71166666666666,0.799970829860999,9714.31254314231
37.32533118,-84.92726209,99.115,1.5102652806200014,6562.7543234861905
36.72581156,-85.13377529,69.59666666666666,1.3733121451899983,5067.796633884566
37.21218923,-86.23955613,72.21166666666667,1.5456661130519993,4671.880042972601
38.36758311,-83.69657514,83.35,1.3635669150619991,6112.644643934486
38.75398691,-84.8558382,70.07,1.7366941035480012,4034.6771407152014
37.46231118,-86.34248968,117.98833333333334,1.4542069166619995,8113.586311648476
37.6976111,-85.96319251,62.32333333333335,1.146918393091,5433.981502848601
37.79344553,-87.57392021,147.374,1.040133729163999,14168.75502330368
37.41866422,-83.99825483,75.51833333333335,1.6032751733830006,4710.254021708914
38.93950319,-84.53241199,98.59333333333332,0.872121040431999,11305.005700183063
37.10975748,-84.11321779,73.34833333333333,1.1927596665699993,6149.464589480965
37.12306748,-82.85346474,115.70666666666668,1.3842410557410014,8358.852396898998
36.85949479,-86.877635,129.30666666666667,1.319242889681998,9801.581473585647
37.55218078,-85.26898542,98.29666666666668,1.2619433265839988,7789.309123156075
37.05350953,-88.70445755,93.52,1.411949010964,6623.468643258566
37.94090733,-83.59985712,46.53,1.2863339873479986,3617.256517953762
38.03253032,-83.9145241,103.995,1.0570289058049995,9838.425366504118
38.33342292,-84.01889177,78.735,1.4517356410779991,5423.508094182673
37.42823949,-83.68811419,47.44333333333333,1.5471568905200004,3066.484958573761
37.83218794,-83.82553961,94.585,1.2446849521380008,7599.111713974763
38.19484205,-83.42088935,77.815,0.9707573535889995,8015.906314004128
36.74058474,-86.58047435,105.86666666666666,1.3836447574349993,7651.28954507964
36.80767017,-87.87333656,53.2,1.146442274179001,4640.442977218194
36.99903045,-86.42672751,74.09666666666666,0.9954613004979982,7443.450250612295
36.75700531,-84.14541217,70.2,1.3428167042399988,5227.817004237482
30.65385745,-92.82442028,145.995,1.5915072429840023,9173.37955222033
30.64836518,-93.34173616,125.7595,1.4830194368770018,8479.963031693576
30.22931235,-93.35400434,98.6175,1.2942965867780012,7619.389636613093
32.82308512,-92.99526883,101.995,1.9756993091599986,5162.475864981948
32.73926954,-91.23425694,53.79833333333334,2.257515210829999,2383.0773354370367
31.59882456,-92.56124347,92.15,1.4236137090099987,6472.963797467392
29.74075478,-90.11115756,119.15,1.0811250037720002,11020.927236377904
29.52470226,-90.40976986,120.08278571428576,1.1218147507590013,10704.332924222981
32.81686191,-91.80421614,123.04666666666668,1.7503573770499994,7029.802500906751
32.09530039,-93.34213308,101.1775,2.069340870480001,4889.358802280411
29.90709658,-90.35555967,119.56499999999998,1.2133729512849998,9853.93648946739
30.59724262,-92.00135806,162.76,1.5404602079400018,10565.673761716487
30.62888673,-90.40664996,92.63333333333333,1.3997767830999985,6617.721800484792
32.83121059,-92.3749373,120.00333333333334,1.6997538167100024,7060.041998647108
32.70847669,-93.33121835,163.2775,1.742390135580002,9370.892124894213
31.94449367,-92.63789413,87.39,1.3835329480900012,6316.437936707174
44.97330019,-70.44381045,111.75560000000002,1.1335977395140004,9858.48825421196
44.05996956,-69.54227124,56.003,0.6793496755269993,8243.61915777117
45.83839062,-69.2860223,56.92611111111111,1.0735774577450012,5302.468927643257
44.4858305,-69.12061935,87.8375,1.012219992168001,8677.708470454845
39.00670238,-76.60329337,113.75357142857143,1.1287772650139984,10077.592360717925
38.87172293,-75.82904158,89.99437649307214,1.4217614994160004,6329.780102361615
38.45413522,-76.02752426,114.32428571428571,1.3586249541300015,8414.705277328983
39.25305293,-76.93126208,91.18292960662531,0.8524634959829993,10696.402841447158
39.06198912,-76.03530977,99.05340579710149,1.4739564989900011,6720.239428027614
41.72980578,-70.28854339,131.34228571428574,1.2335046747809992,10647.895253222669
42.6687626,-70.94687179,103.12711904761905,1.1014940001410007,9362.476693873765
42.48607732,-71.39049229,118.59233333333331,1.0432508488919996,11367.576020598124
42.59147037,-85.89102866,102.535,1.2395500910299995,8271.952924048348
46.6720582,-88.36363591,69.46,2.040737139724997,3403.6720677000176
41.95447397,-86.4131308,96.67083333333332,1.5008129338000007,6441.231359098598
45.37790017,-85.19614053,97.845,1.5399145396400018,6353.924031581259
42.94400871,-84.60145248,106.50583333333336,1.197092897609,8897.03994953621
42.59599185,-84.83740035,119.83916666666664,1.2847546663300005,9327.786059652644
43.98901072,-84.38774817,124.78166666666667,1.9962145300859995,6250.914658019793
41.88753639,-84.59312019,99.77749999999997,1.6082181350799993,6204.226766478829
42.94502238,-85.07413319,135.61083333333343,1.1079955558299999,12239.293977289224
42.24807035,-84.42258681,93.54833333333335,1.2176056660429986,7682.974541121244
47.63197653,-88.41434263,47.3,2.007223365909997,2356.489108453359
41.89475156,-84.06603727,67.32249999999995,1.2756348057079991,5277.568446608418
42.69158356,-82.92752801,75.98916666666668,1.367949832387,5554.96735827436
43.64064262,-85.32463223,120.23833333333334,1.266450045170001,9494.123656270489
44.33772443,-85.09256478,92.62666666666667,1.8420552472600011,5028.441291565272
43.29123859,-86.15176712,108.85916666666667,1.4302060339750016,7611.432484598888
44.33481032,-84.12725175,114.76,2.5630355864800025,4477.503184324023
45.02085831,-84.59898295,94.17,1.7038184831499992,5526.9972084056535
44.33473082,-84.61067651,119.295,2.1897218491800015,5447.952215696853
42.953928,-84.14585902,54.28333333333333,1.1606799253370008,4676.8563966997435
44.33853602,-85.57712739,109.97,1.6127171012699995,6818.9268851554725
47.97373527,-94.93732139,98.58,1.0589345049479986,9309.357617432723
44.24205652,-94.72562874,71.03,1.0347633016509985,6864.371773396808
45.02343421,-95.56403693,56.735,1.3558568889129998,4184.438672246955
47.90504893,-90.52629546,49.94,1.6101578445299993,3101.559276915323
44.02238415,-92.86244324,40.705,0.4843575144430002,8403.916278001756
43.67385583,-93.34884422,78.025,0.8684781035560002,8984.106758768605
43.67129565,-91.49143057,40.31,0.5492572802269988,7339.001493678984
43.67423373,-95.15398258,29.79,0.9219291268429985,3231.2679068955304
48.24539665,-93.78352843,50.79666666666666,1.1927487289340002,4258.790257698733
44.37136597,-93.72844721,56.295,0.7162893195200002,7859.254419390814
48.35825983,-96.37017407,38.64666666666667,1.087003965792,3555.338148054353
45.93705297,-93.63236823,111.45,1.3803440461399985,8074.074018840403
44.35291112,-94.24710352,72.97,0.7699468509850006,9477.277542813346
46.40846929,-95.70835255,134.17,1.1335682798000009,11836.075725731496
47.77372465,-96.40134647,95.87,1.1614877912779997,8254.068679836319
44.40555844,-95.25207021,58.05,1.0601678892779993,5475.547843609325
48.77501878,-95.81079919,36.29,1.5861549995000002,2287.922681669799
47.6048407,-92.46879855,61.85,1.1632596666439994,5316.955601017017
45.2829032,-95.68264092,48.325,1.2931607128879983,3736.96784308243
44.28424356,-92.23121312,32.69,0.4070838886459996,8030.285872705525
43.97823903,-94.61413846,38.04,0.8229478665350013,4622.407025631689
44.71710183,-95.86842453,37.13,1.0911127890739991,3402.9479236066263
33.08658803,-89.57838564,99.5,1.9385644453500002,5132.664030781585
33.44834567,-89.91994479,89.1,1.9438311599599998,4583.731438991517
32.04158545,-88.6889622,82.865,1.42429498352,5817.966148782437
31.63225413,-89.55389939,111.89,1.436516035529998,7788.983710071746
30.86259065,-88.64436789,90.23583333333332,1.266491477369999,7124.867000346295
30.51359752,-89.12467576,127.63500000000009,1.096402441865,11641.254627533544
32.72531359,-90.97392828,35.03333333333333,2.6632604184899997,1315.4302557162748
31.73397872,-91.03764977,53.64,2.1054832079900017,2547.6337116555487
34.35687874,-89.48490961,174.63,1.1680932754799986,14950.004735558483
32.7536828,-89.52402044,114.48,1.7509002145439987,6538.3509036701425
33.47386518,-88.4419153,138.01,1.3036798181400013,10586.18827105132
33.89236763,-88.4808438,125.1275,1.625078050029998,7699.78401946234
33.11009499,-88.56949061,70.485,1.6254054635040003,4336.4564462611415
31.17161885,-88.99281835,73.42333333333335,1.6009292194700007,4586.294786826408
34.25157572,-90.28908,120.94583333333334,1.5501282221459995,7802.311551098384
31.91282117,-89.91716179,133.95666666666668,1.6663702463539984,8038.829723452068
33.95339918,-90.1729398,79.33666666666666,1.6386780489799997,4841.504206152637
34.64967704,-90.37481167,80.9825,1.6837567955999981,4809.631664835675
32.35810271,-90.83352619,74.35666666666665,1.752333762669999,4243.293615102796
31.16078225,-91.31018819,67.16,1.6741004561600006,4011.7066901737494
40.19058551,-92.60078167,56.76,1.343318784929999,4225.355934627073
36.70978521,-93.82919888,125.9,1.916288316094998,6569.992570666942
37.32449052,-90.02725304,63.96666666666667,1.5396103639749998,4154.730843816621
39.65620858,-93.98308093,63.37,1.977389926027004,3204.7295865071883
39.42762566,-93.50626255,96.275,1.9750434005470001,4874.576425679358
39.51499357,-92.9629191,57.64,1.9017093196339985,3030.957434183125
39.6013098,-94.40465394,107.83,1.9116727202330024,5640.609862699575
37.431814,-93.8503345,59.78,2.328173274679997,2567.6783017027224
37.60663134,-91.50790473,102.595,2.0086073104640003,5107.767927833536
38.43947277,-91.50847147,101.22,2.3755272338300006,4260.948835211021
40.35570088,-93.99222144,32.08,1.54777896289,2072.647372083446
39.1435761,-92.69756691,53.64,1.3488320599769985,3976.773802434287
37.20351921,-94.34050458,95.18,1.54821149099,6147.738894454103
40.12699751,-92.14780832,24.8,1.3649256015959992,1816.94884842086
40.09673161,-91.72070156,58.51,1.3160426177090014,4445.904654809402
39.83049768,-92.56453089,65.77,1.5749794771249992,4175.927429864543
36.62869595,-94.34867205,82.2675,1.4668518854250017,5608.439462595368
38.63571781,-92.57976951,115.11,1.4372009197499989,8009.318559302299
36.59666326,-89.66070007,89.47333333333331,1.6392088819700001,5458.324092644271
38.46036182,-91.8613635,81.985,1.703647566080001,4812.321611132457
38.72798918,-93.28471706,145.49,1.4355165722299992,10135.02754440438
37.6162296,-93.39828174,115.845,1.430824248309999,8096.382217231007
39.44007257,-92.4971374,94.25,1.6857348892810016,5591.0333587625655
39.13734288,-93.20259964,102.475,1.6265088648799988,6300.303810982329
37.15772072,-91.40190382,69.88,1.8865495561100007,3704.116850452109
37.81214171,-90.47598685,59.45,1.2994945875150015,4574.8555300784365
36.85571651,-89.9444155,128.33916666666667,1.8855218078899996,6806.55965524393
37.31728859,-91.96564727,109.44333333333333,1.9804241394500042,5526.257287680179
37.96130078,-90.87948158,123.81,1.937405068739001,6390.506662635307
37.27029221,-92.46914488,107.195,2.1259899732500016,5042.121616224321
46.33277565,-111.4955813,29.8,1.415594674989001,2105.12235786925
47.88084126,-110.4353362,25.26,1.0554108911049997,2393.3806456699676
46.05953325,-113.073353,51.26,1.0810409782289998,4741.725894977263
45.54486106,-111.1692571,26.98,1.1318673137289998,2383.6716258827983
46.4060522,-113.4414186,40.135,1.2884994075639997,3114.863675093036
47.64514965,-114.0898013,95.32166666666666,1.3276370631650019,7179.798554239356
45.30080065,-111.9173017,31.024615384615387,0.9803424629310014,3164.6711794834255
47.03728583,-113.9213508,34.25,0.8408066987619999,4073.4689733596974
48.25936577,-107.9128511,43.46,2.1747739290269994,1998.368631329149
46.86048047,-105.379384,46.8,1.9435281641319977,2407.99186056053
46.23397237,-106.729288,54.85,1.9148146432039972,2864.507026550689
45.67071407,-109.3950061,77.645,1.9613945816359983,3958.662919076504
46.2097322,-107.2666516,55.61,1.7414719998279988,3193.2755740828716
46.95925154,-104.2510927,12.02,2.583144023906999,465.3244220513798
41.56896142,-101.6959559,3.98,2.436699350889003,163.33570239381154
42.22079243,-103.0878834,35.765,1.479369302347,2417.5843005028764
41.85056773,-96.32605633,32.43666666666667,1.4566667032560014,2226.7733994442856
40.5237198,-101.6978026,11.3,1.3973168883019997,808.6927235046593
41.57486951,-97.0868542,43.465,1.0508718388780005,4136.089520336458
42.71985036,-103.1313774,45.505,1.6707766812410003,2723.583618978948
41.58071748,-96.65598179,106.595,1.2278519528259983,8681.421221399141
40.17636348,-98.95299073,18.15,1.1757606635459992,1543.681512975699
41.61703149,-102.3313973,8.4,1.591268070585001,527.8808866511029
41.56742671,-98.52150266,11.92,1.439241604299999,828.2139679944498
40.52451972,-101.0603568,20.84,1.3983327373460008,1490.3462847872515
41.2200529,-98.5166499,27.33,1.7023605108669988,1605.417878618498
41.19930341,-101.6620164,24.84,1.8550450261400013,1339.0510553637264
40.78416049,-96.68777155,68.845,0.7604783679189998,9052.854480054433
41.91676024,-97.6005481,55.94,1.059067897168001,5282.00317936048
41.39750195,-97.99327291,22.25,1.7705627210420019,1256.6626268345665
40.13141096,-96.23705437,35.765,1.456257034546,2455.953801531337
41.57246836,-97.52144359,68.71,0.9344129632299993,7353.2798349125105
42.42252217,-99.44832069,8.25,1.6490713405850008,500.2815704184968
41.85070896,-103.7080986,97.21,1.7854966699959984,5444.423483591143
42.48932059,-103.7576544,16.97,1.4436967832500014,1175.454582768946
42.15725356,-96.54157099,48.91,1.2293573194469996,3978.5015492486045
42.20934475,-97.11926964,22.12,0.9652459441750004,2291.643920752866
39.15509045,-119.7480219,75.43333333333334,1.4030749805079976,5376.286683269195
41.14531606,-115.3577619,118.84333333333333,1.1840425826039989,10037.08270964105
39.9332233,-117.0397075,30.835,1.5511309012299987,1987.9044364049998
38.04264256,-116.4722702,26.096666666666664,2.465745944784997,1058.3680253783075
40.66562265,-119.6631594,45.79757575757576,1.4240838696659994,3215.9324835493708
42.92015988,-72.25311043,84.86147619047617,0.814943303977,10413.17546586912
43.29662971,-71.6811573,84.40199999999987,0.733212030645,11511.267746896106
39.80343818,-74.96388753,66.74505016722415,1.1627339279089983,5740.354569962112
39.71581067,-75.13995546,72.4426988373944,1.235879307866001,5861.6321493788555
40.43629879,-74.41426991,52.20014460901423,1.1570600829299995,4511.446326696266
41.03238628,-74.29954144,54.95548447204964,1.245617998781,4411.9051367137245
33.91514144,-108.4046587,44.31066666666666,3.241467226080002,1366.9941287746046
34.57421077,-103.3468876,37.73,1.6629898331669986,2268.8052114033053
32.73911281,-108.3827845,96.55422222222224,1.4335101266599992,6735.510299267179
32.79215361,-103.4123733,48.35,1.8727329502409982,2581.7882893435467
35.5800772,-108.262245,92.97644444444445,1.5434669617139987,6023.870076311539
36.51072137,-106.6931674,129.39797101449275,1.197484524660001,10805.815720351995
35.68862401,-106.8687803,75.1153333333334,1.1574565383159987,6489.689318496559
36.58006022,-105.6310198,87.74898550724636,1.5149328047059998,5792.269151124207
34.71669834,-106.8103733,69.62685990338166,1.3847476104979992,5028.126380253628
42.15903158,-75.81326086,114.00480769230771,0.9260285607750012,12311.15459299615
42.13891056,-76.7638805,132.70687179487192,0.9401824730110003,14115.012309245549
42.59509207,-76.07048931,117.14399999999999,0.9316415263620011,12573.9350045333
44.11630765,-73.77297842,78.26083333333334,0.8000106690449996,9782.473704601465
42.275797,-74.12384884,139.71121946169774,1.2239759823369998,11414.539294712302
40.6361825,-73.94935552,110.68489254658392,1.3919968473520012,7951.518910200123
43.14638895,-77.69322942,135.1326666666665,1.0206724895750003,13239.571757531607
43.19898042,-78.74777412,125.07800000000002,1.1331520676690003,11038.059548114945
41.40337468,-74.30240757,112.03154037267092,1.0167641271830008,11018.439515864931
40.58582155,-74.14808598,85.93208695652173,1.2263673922710019,7007.042709884161
42.58831742,-74.4433903,75.99689440993788,0.8050725150289998,9439.757660488554
42.2689144,-77.3829924,124.97749999999998,1.1160862958510016,11197.834832718398
42.44945765,-76.47229843,76.1454615384615,0.8028360606850005,9484.559210443565
43.31153794,-73.43043448,115.35347619047616,0.823235460365,14012.209354943434
42.63505484,-77.10369919,115.8084761904762,0.8877054667030011,13045.822126183004
34.97403241,-80.09953279,117.37583333333333,1.238493753419001,9477.305235436526
36.0688473,-76.96545943,81.61033333333333,1.267889981931999,6436.704642856807
35.74989637,-81.70755735,88.69333333333333,1.1769470191339995,7535.881555534598
34.8932941,-76.54120135,120.98622222222222,0.9620985823459988,12575.241710387641
35.1349263,-84.05970864,134.85399999999998,1.5513209691199996,8692.849686451224
34.26744084,-78.65801424,138.03749999999997,1.2132524026210005,11377.475923542064
35.66520691,-75.71767334,36.408500000000004,0.49177087664200053,7403.5494433121285
36.03638492,-78.87608331,134.17333333333343,0.4661731523609993,28781.866277325014
35.29373559,-81.17477045,107.795,1.0680357539950007,10092.82691115831
35.48544173,-77.67578087,96.06083333333333,1.1061923963800004,8683.91734093374
35.55269063,-82.98196486,92.33166666666662,1.3639295238689995,6769.533546334081
35.42017674,-76.15180542,21.8925,0.7999175806910002,2736.844461036648
35.02254606,-77.35870791,71.87566666666667,1.3415307275519999,5357.73539811675
35.14867843,-83.41696617,117.705,1.4223909851420007,8275.150871280952
35.24469268,-80.8317671,97.92583333333334,1.02185582053,9583.136032101156
35.96575634,-77.98422508,105.80474358974361,1.032840807927999,10244.051433444081
36.06092947,-79.12167935,142.17000000000002,0.5301678427799996,26816.036079162084
36.17847453,-76.40603143,51.85666666666667,0.924926461744001,5606.571853170683
35.71015088,-79.80570339,92.525,1.078090243830999,8582.305658495894
35.64003916,-80.52446628,94.80500000000002,0.9133589059919994,10379.818861790402
35.31647813,-80.25093221,119.30833333333334,1.2546873883759995,9509.008733064551
35.20383864,-82.79638423,92.44833333333335,1.1709616217179986,7895.0779956132155
36.36880673,-78.40670845,115.7075,0.9097674898719994,12718.359502632873
36.23103603,-81.70033724,87.81833333333333,0.8412852329520001,10438.5920367562
36.16222629,-80.66239436,131.93166666666667,0.9426346902690006,13996.054678299311
48.0683985,-99.35916363,23.47,1.1678904710789983,2009.6062585660434
48.79094471,-102.5182117,7.94,0.8620855316630004,921.0223009639653
46.11017712,-98.5049008,46.25,1.5218244474419995,3039.115324881302
46.28398398,-100.2389766,11.523333333333335,1.6352250944789994,704.6940126004362
46.35821257,-101.6390013,11.473333333333333,1.788404328731999,641.540235002007
46.45681054,-98.53542355,21.78666666666667,1.6728486480269993,1302.3692664822024
47.7413337,-103.395905,27.0,0.7474078505939993,3612.4854694183186
48.20197971,-102.3555315,30.68,1.1732553593949995,2614.946503702352
48.24977025,-99.96407787,28.77333333333333,2.222250353226004,1294.7836093968244
46.26440649,-96.94852979,32.03,0.7659737478750002,4181.605451735012
46.11323337,-101.0440149,17.383333333333333,1.2865915448210006,1351.1151540912558
46.97962541,-98.95637318,68.57333333333332,1.3456418050249992,5095.957414317949
48.36876964,-97.72574783,32.39,0.954247464081001,3394.2977287546228
15.0979,145.6739,52.25685433780805,0.4093496579699998,12765.823378711073
41.70860332,-80.74830218,150.44916666666663,1.7355067376700026,8668.889806135327
38.93416837,-83.86788395,162.78,1.3608716370579987,11961.451437984706
39.91592258,-83.78498252,162.42750000000015,1.40874571801,11529.937441758184
40.30096166,-81.91729018,128.395,1.9120822942899969,6714.930648300168
41.32398837,-84.49076944,153.32083333333333,1.416906664622,10820.813901262578
39.56021306,-83.4562016,137.63166666666666,1.4167600869430002,9714.53585791226
41.49952319,-81.17935342,146.33749999999986,1.4304369404300001,10230.265722584718
41.00250487,-83.66838948,160.19958333333346,1.5401326382400007,10401.674463337318
39.1839264,-83.60331456,163.65499999999997,1.4044523521769987,11652.584706510217
39.01914254,-82.6181856,140.20833333333334,1.3294223067939988,10546.560909712445
38.59743452,-82.53466552,147.44499999999988,1.2314385659509985,11973.394700866224
41.62101218,-83.65468618,147.74833333333322,1.2739857273300017,11597.330343957758
41.11770589,-81.8998621,127.16708333333332,1.462568495752,8694.777967848173
39.72984936,-81.08464734,86.41,1.7766617992160005,4863.61557602751
39.96575964,-81.94363275,115.10000000000002,1.3379023640859977,8603.019404830175
39.73508655,-82.23804971,121.50833333333335,1.2946439724759995,9385.46317880346
39.7420247,-84.64787018,143.8066666666668,1.5526235254900018,9262.1723364189
41.35624126,-83.137872,169.9283333333333,1.3854033684999985,12265.621493133644
40.81482476,-81.36437305,138.9676923076923,1.6865055662200013,8239.9782776385
39.42581994,-84.16557457,151.85666666666665,1.2688574606819993,11967.98469270497
41.36224827,-83.62285108,145.29833333333335,1.1597757017700003,12528.140838921285
34.37366573,-96.03802487,67.92,1.3365705313460006,5081.662239822152
33.96472458,-96.25903472,119.08333333333334,0.9906681175649985,12020.507294211999
35.90692775,-94.99980896,144.43,1.0150558680860011,14228.773463704865
34.58840127,-96.29798747,47.4675,1.3737789360830004,3455.2502410134584
35.90230551,-96.37086028,117.475,1.5702852035850001,7481.125067713919
36.2180194,-99.75324573,18.41,1.3819411435529991,1332.1840865572258
36.796297,-97.78638765,43.185,1.567199641119999,2755.5519326904546
35.222576,-95.11513306,67.805,1.3041608954669988,5199.128438498391
34.31440473,-96.66011537,62.88666666666667,1.4934053556270002,4210.9576231072215
34.87844729,-95.25215049,57.06,1.489877031862,3829.846274540407
33.95273467,-97.23906784,71.33333333333334,1.2262830353109981,5817.036628517206
35.01123903,-97.44572302,125.53833333333333,1.152023016178001,10897.20704971889
35.61318461,-95.37802952,83.91166666666668,1.5455253617840012,5429.329646833318
35.55140095,-97.40716948,119.57333333333332,1.1200974354659994,10675.261771632096
34.72959848,-96.68337199,77.48,1.5864910698950008,4883.733761270266
36.37004357,-95.60406759,86.35600000000001,1.4113681692999998,6118.601926726903
36.74777635,-101.4889765,44.05,1.150416511756999,3829.0479621788163
35.96024096,-95.51911308,109.155,1.4648999996740009,7451.361869362508
36.42316318,-99.26283045,73.1,1.7351886065949969,4212.798523582166
45.99712889,-123.660711,77.86666666666667,1.3981089829770001,5569.427534959743
42.45911325,-124.157282,89.38333333333333,1.3469657154649985,6635.902629672833
44.49024544,-119.0068631,40.46,1.2381613111250014,3267.7486880314314
44.62806839,-121.17832,88.27666666666666,1.082301522206001,8156.3838593460305
43.93727035,-122.847753,72.19461538461537,0.8846211811609992,8161.076958372773
44.90287942,-122.5815117,78.26914918414917,0.9717354862569991,8054.573522433758
45.41501554,-120.6827834,20.26,1.399782288751002,1447.367934486269
45.30915495,-118.0068979,76.52,1.6246650595440004,4709.893867076645
44.72698162,-120.0281427,23.91,1.1228964905180014,2129.3146965817054
40.81665618,-79.46290811,41.44358862876252,2.054158330749997,2017.5459704525788
40.47961444,-78.34917412,43.84353846153842,2.1135057480689983,2074.4461424624
40.49527404,-78.71377428,74.09841025641025,2.052622379364999,3609.9387301493516
39.97291773,-75.74768357,84.97486813186815,1.238852531674,6859.159259015746
41.04821986,-76.40565017,128.5755652173914,1.5691924156700012,8193.741183900205
39.91680171,-75.40243663,109.67252237617451,1.3921607476080018,7877.863426663399
41.51095103,-79.23229292,70.40846153846154,1.66424257843,4230.660989630665
40.42162652,-77.97673273,109.17433333333337,1.895677159707002,5759.120574634527
41.43564672,-75.60379201,149.13590476190475,1.597486900895999,9335.657442840837
40.6154815,-75.59435245,115.58360156872119,1.5691568741120003,7365.968532249586
41.30248872,-80.25816981,152.89576282051297,1.843449209199999,8294.00463313362
41.03023987,-76.66345939,114.80166666666665,1.6120666613290013,7121.396988138393
40.00338507,-75.1379271,116.50420512820514,1.3553297476320014,8596.004428572338
40.77129231,-77.06840691,161.42814743589747,1.7158739775100016,9407.925614103355
41.77255149,-77.25433032,131.2460705128205,1.9968217849930006,6572.748329329778
41.81304978,-79.26969577,142.7855769230769,2.1422970744379994,6665.068940568601
41.51955538,-76.01074915,106.69253846153848,1.7983908369629997,5932.666930271597
18.459681,-67.120815,71.14664242424243,0.7062248225319998,10074.220015258483
18.406631,-66.675077,73.47240000000001,0.7178928843709995,10234.451629141686
18.34946,-66.168435,89.08453333333333,0.6240578748850002,14275.043536586985
18.328802,-65.887612,89.08453333333333,0.6240578748850002,14275.043536586985
18.251818,-65.666416,83.6474,0.49899619879699975,16763.13370756341
18.224687,-66.221622,74.41073333333333,0.4836566121259998,15385.033816915586
18.318373,-65.666866,96.4412,0.562434737321,17147.091671359165
18.039942,-66.79186,66.81793333333331,0.49235129154699997,13571.190830714997
18.134532,-67.113972,68.31817575757576,0.480683229708,14212.722960831587
18.050764,-66.494581,73.56673333333333,0.500979122209,14684.590648997653
18.23679,-66.98362,64.18617575757575,0.46423206927699995,13826.312313481487
18.420473,-66.490461,79.73453333333333,0.7293338444899996,10932.51518981533
18.377805,-67.080952,78.70664242424243,0.6023754484560001,13066.044213120262
18.215046,-66.433604,75.25913333333332,0.4836566121259998,15560.447525470237
18.059498,-66.613748,66.81793333333331,0.49235129154699997,13571.190830714997
18.08282,-66.943758,64.51217575757575,0.480683229708,13420.93332375354
18.147987,-65.976392,75.87273333333331,0.4830196510099999,15708.001356607858
18.431446,-66.213553,80.26453333333333,0.7293338444899996,11005.18424308964
18.409346,-66.33725,80.26453333333333,0.7293338444899996,11005.18424308964
18.070399,-65.896289,74.09673333333333,0.49964955713900006,14829.740620128277
41.67106337,-71.57641596,134.17457142857143,0.9729914176659993,13789.90286989662
41.45961631,-71.61435303,83.1409999999999,0.7570445987360002,10982.31202478907
34.51828081,-82.63959517,83.285,1.676658024319998,4967.321826630561
33.20222596,-79.94654523,86.86933333333336,1.0329185694129996,8410.085354811714
34.69249168,-81.1583216,115.447,1.2299283452970005,9386.481776881246
34.33358335,-79.96027485,145.535,1.4457538168670008,10066.374945865919
34.39287073,-81.1195624,104.6775,1.3939879448089985,7509.211280470772
34.15272415,-82.12715789,92.36,1.4060715888400008,6568.65558859605
34.33988254,-80.58763164,96.83416666666668,1.1776153931600002,8222.90259019313
33.89665987,-81.27146426,104.9025,1.019754659648,10287.033161114494
34.28629098,-81.59935761,74.0458333333334,1.4124338751200007,5242.42831028408
34.01791263,-80.90267209,80.34249999999993,0.9820081815879995,8181.449147407158
43.71757685,-98.56050467,25.88,1.8602435889390012,1391.2156533629436
44.36974375,-96.79079945,49.19,0.9032924139509985,5445.634131348793
44.90608745,-103.5079318,41.31,1.4412556040210012,2866.250780551904
42.91296147,-96.97656917,32.97,0.8658507540990007,3807.8155899175017
43.67490933,-98.14458906,60.33,1.2231506962300012,4932.3440019246445
43.38520741,-98.36978007,41.51,1.4988383237180012,2769.478158059821
45.1723937,-96.77002276,46.68,1.7343036245389987,2691.570226776651
44.54708407,-99.00386459,29.22,2.332235589098002,1252.8751442002008
43.33449012,-97.75536441,23.31,1.3449707126229997,1733.1232406198778
43.96278565,-100.6940008,25.383333333333336,1.5210795572799998,1668.77092074815
43.27841182,-96.7203905,91.79,0.910641917355001,10079.702927206345
45.76626028,-99.22118798,16.08,2.4445459442109962,657.790868610162
43.67441641,-96.7910885,31.52,0.9156031187739997,3442.539606265818
45.49049506,-102.4755586,17.9,2.1514385061350016,832.001470130645
44.93837606,-98.34626602,36.53,1.8217665876689992,2005.1965080082596
43.34459388,-99.8854891,26.92,1.397676942670001,1926.0530941130335
45.43019636,-100.0307514,22.40333333333333,1.8429836200299992,1215.601326558109
35.51123746,-86.45549096,78.86916666666666,1.310037649423001,6020.374048135498
35.15739424,-84.857186,123.64366666666666,1.2578321100899983,9829.902232168322
36.28969086,-82.12588974,140.19,1.4976059891860016,9360.940127930304
36.55151008,-85.53930419,87.99,1.7568360432400008,5008.43549621891
35.95271721,-84.99840585,107.55000000000001,1.6750643798899991,6420.648739904717
36.14669837,-87.35891709,106.67999999999996,1.2782658335300026,8345.681876311844
35.15634626,-86.09201039,115.04433333333333,1.3974066557699993,8232.702546413848
36.17470125,-82.84691273,101.56499999999998,1.4893639978590005,6819.353774228618
36.52692871,-83.22375847,110.08833333333334,1.637196532243999,6724.1978079713135
35.58332824,-89.28536625,108.2,1.3823716457999995,7827.128133649111
36.28872054,-87.71878828,78.41166666666668,1.8803303519780001,4170.100566859545
36.4552395,-81.84886538,109.33333333333331,1.6949770232180001,6450.431589081863
35.21675201,-87.39787695,97.84166666666665,1.4097869151400002,6940.174122480801
36.53157855,-86.00778595,129.53166666666667,1.5472558473399998,8371.703160104646
35.6187413,-87.07462444,130.96666666666667,1.1762416432959997,11134.33344356684
35.44550387,-84.24902965,83.615,1.4236919337499991,5873.110468481647
36.35732446,-89.14921589,82.54499999999999,1.86967976371,4414.927176416896
36.55606529,-85.077633,62.70166666666666,1.745633213270001,3591.915311304773
35.84923189,-84.52458689,138.29033333333334,1.4016489148749982,9866.26050687353
35.36979721,-85.41022136,76.55833333333334,1.537956110099998,4977.927057252336
36.50235092,-87.83920548,68.495,1.7288547794189995,3961.871223389769
36.39026213,-86.16087954,77.98666666666666,1.2184183255009984,6400.647875564374
35.69864497,-85.45221699,91.2225,1.9290583365800007,4728.861655979105
36.29896232,-88.71990865,157.85,1.5718661077629996,10042.203926939052
31.81534745,-95.65354823,87.4026666666667,2.319826376598001,3767.6382831219344
33.61569967,-98.68754589,45.72333333333333,1.6407316428200014,2786.7648882998637
34.06854817,-102.8299707,47.94,2.357283493699003,2033.6968433429065
28.41761668,-97.74215593,83.26333333333334,1.6638741349729989,5004.184606468717
32.74363984,-101.4316509,23.39,2.134599319790003,1095.7559942584942
30.6636448,-96.30205577,63.15116666666667,0.8358448594690003,7555.369390772547
31.77430356,-98.99907113,69.19,2.066384567909998,3348.3602749695715
28.47048236,-96.61633945,64.48230952380952,1.8119634533880002,3558.6981295478568
35.40365929,-101.3542669,52.41333333333333,2.0320994254309985,2579.2701221898487
31.837258,-95.16559897,62.61666666666667,2.503504302300003,2501.160737336856
31.88911733,-100.5297533,29.8,1.958842929970003,1521.3062540168214
29.622098,-96.5273805,71.60021428571429,1.4649033863859997,4887.708974607268
33.63979567,-97.21240912,119.09166666666665,1.7229034412479993,6912.265877210252
30.72367027,-101.4134238,17.204,1.5668530841680017,1097.9970090262366
32.76670599,-96.7779605,71.73166666666667,1.0875843432859988,6595.503797888308
33.38570922,-95.66921122,63.83650000000001,1.6191596465999993,3942.5698468985074
34.96517499,-100.8140093,60.09,1.75247636849,3428.862213518795
29.98202582,-100.304252,69.82714285714283,1.7754052338680006,3933.0256284653037
31.25350609,-96.93630086,79.542,1.5592332463639982,5101.353513689201
34.07227468,-101.3031546,44.44333333333333,2.4341989452300017,1825.7888666176375
31.70422788,-96.15072516,89.36166666666668,2.016400946369999,4431.7409604245095
33.17969345,-101.2984114,33.734,1.9592871471600009,1721.74864970138
29.45634206,-97.49424032,107.56,1.6216043404819986,6632.937351908501
30.54579585,-95.98902499,111.66266666666667,1.1609309625609996,9618.372691201223
31.70470573,-98.11083887,61.64,1.7132099155000018,3597.9245416642543
29.85864939,-95.39339521,33.294999999999995,0.9053683389129991,3677.50876289473
30.05669873,-98.02944344,62.87666666666667,0.8853886972829994,7101.5890376302395
31.99045053,-97.13423143,98.62666666666667,1.7577065419559983,5611.099709335646
31.31925973,-95.42226208,98.91766666666666,2.392441913918001,4134.590106084263
35.84006574,-101.3546643,109.28,1.6531528911570006,6610.398867797258
30.74685667,-94.02667579,153.764,2.184119093638001,7040.092293863033
27.73103938,-98.0904705,91.64942857142859,1.606203428910001,5705.966437490647
32.5991417,-96.28734728,96.9455,1.570202755325999,6174.075269653477
30.06040006,-99.34930144,48.321000000000005,1.9767440514059993,2444.474284145725
27.42435506,-97.69894948,106.04166666666666,1.6742959377500015,6333.507970470889
34.06859623,-102.3516289,116.34180952380952,2.462593555459001,4724.361000048368
31.29872538,-95.9936328,92.917,2.1578504923629973,4305.998044296822
28.35101362,-98.1246786,64.52276190476191,1.7407896617679979,3706.5225812078106
33.17657705,-101.8162849,36.43166666666667,2.2874566145499986,1592.67137286596
30.71780434,-99.22629416,44.215857142857146,2.21175894396,1999.1264085810246
31.55255453,-97.20217694,58.49666666666666,1.4834744502100006,3943.220367454652
31.86904128,-102.0315682,48.68333333333334,1.272094136949998,3827.022853045892
33.67521893,-97.72500958,111.1,2.194276076332001,5063.173280625524
34.07408766,-100.779722,16.276666666666664,3.4536953467599973,471.2826417053906
32.30365282,-100.4060208,76.73333333333333,2.6878718427000017,2854.7988082740476
30.11879481,-93.89412775,107.5525,1.5343900867400004,7009.462647696612
34.52993409,-102.7844668,47.41,1.9078960824699995,2484.936178422364
29.99954402,-104.2408079,41.86509523809524,3.274044293170002,1278.6966665487757
29.83321503,-99.82018052,46.288000000000004,1.6800306841869996,2755.1877733947276
35.83809685,-100.813175,41.26,1.1999869170389996,3438.370820059453
32.10773545,-94.76176432,97.83583333333335,2.1168717137700024,4621.71763630846
28.00880118,-97.51763891,75.19,2.154952943630003,3489.171316815066
32.73587756,-99.35401337,39.605,1.6415031445699995,2412.727635095377
32.22236802,-97.77403489,60.26666666666667,1.617197881152,3726.6105384540892
33.17906744,-100.2538401,15.693333333333333,2.207045585720002,711.0561483130269
32.30163422,-99.89007449,37.076666666666696,2.110984056410002,1756.3688628572734
33.21339719,-94.96797273,116.06583333333334,1.6052876939600023,7230.220088899857
30.77031716,-94.37690895,94.16833333333332,1.9681116716339988,4784.704785331175
29.35739637,-99.76229172,37.745,1.7370854476440005,2172.8925339391526
30.73872995,-95.57440968,117.19250000000015,1.237395591278001,9470.900076422768
27.7610369,-99.33237355,51.82957142857143,1.9741456521439997,2625.417804014738
34.07945812,-99.24178437,74.08042857142857,2.640698370960002,2805.3347321336555
31.85008651,-103.0485163,34.12166666666666,1.4634476470399982,2331.5946242205455
33.17659707,-98.68790885,70.16666666666667,2.056136987742999,3412.5482438642343
39.37231946,-111.5758676,61.67357142857143,0.5947996662071998,10368.797249305668
38.99617072,-110.7013958,88.22955555555556,0.9523554340775996,9264.3515643936
40.12491499,-109.5174415,103.035,0.7670667014480002,13432.339039812274
41.27116049,-111.9145117,49.69666666666667,0.5314458162729995,9351.219850630621
44.46322849,-73.08359212,52.229285714285716,0.5823559670129996,8968.61862379094
44.60353043,-72.64356694,63.205,0.6263223552929995,10091.448830759378
18.3358,-64.8963,99.68119999999999,0.6151378959250001,16204.691770794998
37.78636074,-80.00222498,53.515,1.4847856275960012,3604.224004151057
38.8767675,-77.10139853,64.48166666666668,0.6746485232329991,9557.816321551045
37.13128068,-81.13599391,55.49999999999999,1.1363175380150001,4884.198135052225
37.26818323,-82.03749726,91.83499999999998,1.3509903604299982,6797.605866763578
38.02679129,-77.34901405,92.08,1.0698150925350007,8607.094874854502
38.03527919,-78.48569588,80.87,0.9140250112779998,8847.679111857857
37.26420587,-77.39609676,114.40666666666667,1.599557455596998,7152.394949387237
37.51328851,-78.24398086,44.19416666666666,1.479376460821001,2987.3509439335326
36.69455571,-77.53406129,57.84,2.6708401896510012,2165.610665292481
38.88485255,-77.17560759,44.18047619047619,0.6470615357590005,6827.8631550324935
36.99536167,-79.88023649,60.15333333333333,1.544467780014002,3894.761296528179
36.66601852,-80.91703124,100.84833333333334,1.6798226121779993,6003.510882769753
36.65677234,-81.23215889,96.95166666666665,1.649440125689999,5877.853045809075
37.03513786,-76.35879121,131.36833333333342,1.032816697374001,12719.42385007382
36.68542395,-79.87634026,84.20833333333331,2.1515779519099985,3913.7942112940837
37.31156958,-76.76950618,104.34333333333333,0.9022040640979988,11565.38054809731
37.71889653,-76.46400482,46.91833333333333,1.6407564749420012,2859.554970520036
37.97850256,-77.96274807,95.66,1.084239376936,8822.774936502476
38.7464321,-77.48509905,91.28,0.7341807616239997,12432.90546024247
36.67882005,-78.36131056,78.06916666666666,1.5177556515100017,5143.724326705444
37.50694406,-76.99828634,43.5825,0.994453586609999,4382.557475464365
37.89202088,-76.41949732,52.39,1.5182555439839995,3450.6707522058696
38.61807452,-78.48797204,85.4491208791209,1.100821408617,7762.305512069717
37.14259351,-76.35798148,60.348333333333336,1.0806282572189994,5584.559993705882
37.18497668,-77.22922187,94.15,1.0454197483600007,9005.95192961464
38.68295619,-78.15826963,46.56642857142857,1.020842279425001,4561.569354049241
37.27791025,-79.96189766,76.65,1.445686768485001,5301.978386391744
37.2836193,-80.06219455,91.43,1.398188515938001,6539.175437202221
36.72231125,-77.10642712,90.93,2.131572205301,4265.86534455021
36.70155394,-76.63603554,69.175,1.6007292756620006,4321.4677866994
38.06451466,-78.90293905,94.56,1.1408270231760016,8288.723713499528
36.9746148,-82.62410519,103.265,1.5718343752199972,6569.712536382646
46.18894415,-117.2022851,102.13,1.4232189156920005,7175.98669283721
45.77568046,-122.4829204,94.82909090909092,0.9362301025910004,10128.823100929256
48.4711431,-118.5154041,51.81055555555556,1.6038799268779997,3230.3263285055477
47.14003705,-123.7820567,86.52833333333328,1.2308498287110003,7029.9667201440425
47.63479026,-122.6436061,98.4,0.8356914113070011,11774.681260168127
47.57705241,-118.4194388,55.75666666666668,1.0990977028630013,5072.949067351163
48.53234021,-117.2741804,64.66833333333332,1.5144934556919996,4269.96452776253
46.02408726,-121.9164403,33.69863636363637,1.0472902947790004,3217.6977607481285
46.9291895,-122.8290656,77.84833333333331,0.8881970171040001,8764.759601103
48.82227976,-121.7490018,31.18,0.6195661820470003,5032.553567882548
39.46704621,-78.02414609,98.9152380952381,0.975140780626001,10143.687974134209
38.42424062,-82.23855912,113.47,1.2329236548060003,9203.327355890047
38.02974928,-81.08286634,49.835,1.3301615232059996,3746.5374791390764
39.32103553,-78.60826476,83.10000000000002,1.1671404609589984,7119.965657922583
38.84263974,-81.68148753,131.21333333333334,1.4424357919829995,9096.649851772383
38.172154,-82.07017953,93.92,1.2863446458249996,7301.309202384422
38.77071799,-82.02524219,124.59333333333333,1.1837689661919988,10525.139355032323
37.73048351,-82.13338365,104.97200000000001,1.3844772420900002,7582.0675709724765
38.29617706,-80.79759588,87.645,1.2753703415929991,6872.121543184638
38.32758728,-80.00993811,44.72,1.3407455009630005,3335.4577709102527
38.769899,-79.87919615,84.465,0.9328906216769995,9054.116102932036
39.33602617,-80.0421439,83.5224358974359,1.2560705907229992,6649.501748891362
38.89285061,-80.23689136,95.17928571428571,1.2634212226620005,7533.4563015923595
39.02775007,-81.37473928,50.09,1.4807598335699992,3382.722766002967
46.31956891,-90.67837132,50.53,1.3917615407620005,3630.6506912336736
44.37835084,-91.75332578,32.41,0.4823968685039997,6718.534492255162
44.73483377,-90.61207486,110.15166666666669,1.2217399144399996,9015.966930830456
43.41576662,-88.70928178,114.36583333333333,0.748971031013,15269.727212099377
44.726614,-91.28609183,83.05,0.8891172432700003,9340.72537999131
42.8671731,-90.7063218,69.42,1.0610293831740005,6542.70287900365
46.26302338,-90.24295041,55.44,2.3687822505410017,2340.443068894921
42.57639354,-88.04051686,67.01333333333334,1.1148124454510007,6011.175566507323
45.26271619,-89.07483625,104.00833333333333,1.4267429921449999,7289.9137340050775
45.38553432,-88.033246,123.13,1.1504666571419984,10702.613520836916
43.94641218,-90.618819,89.345,0.7335821450649999,12179.27679961233
43.38352225,-87.94625009,171.07,0.7885283476880001,21694.844643389777
44.47558711,-89.50152965,146.36833333333334,0.9258024847199997,15809.88771893403
42.67151616,-89.071479,64.56833333333333,0.8282289881229999,7795.951875539076
44.78902246,-88.76443896,122.7825,1.0717431801369997,11456.336021126335
44.30360275,-91.35893614,62.01,0.6691839123209995,9266.51087365868
42.66858202,-88.54163073,75.22833333333332,0.8804465009939986,8544.338951702655
44.47068056,-88.96534501,90.42666666666666,1.4080528631500007,6422.1073677852
41.65498705,-105.7235415,54.375,0.7287660306580008,7461.242389536867
42.97272268,-105.5081848,59.185,1.4461417761729995,4092.613945267826
43.71930657,-108.4423174,30.07,1.3489340297119987,2229.1675751126268
42.96180148,-106.797885,33.73,1.2278845943219985,2747.0008302062542
44.79048913,-106.8862389,80.25,1.2076678432679981,6645.0390682623665
41.2878183,-110.5475782,47.05666666666667,0.610141537784999,7712.418144402495
1.373333,32.290275,44.510761904761885,2.0811605085649987,2138.7471904054596
45.2835,34.2008,22.938874024526193,2.6201175942199986,875.4902480380858
49.9935,36.2304,24.95588426066687,2.268529148420001,1100.0909676672347
50.053,30.7667,17.350000000000016,2.1893010738500025,792.4903617522608
46.975,31.9946,17.175555555555544,2.4441374865900003,702.7246073427093
44.6054,33.522,20.130017943409246,2.482034191900004,811.0290345355663
49.2331,28.4682,15.669999999999998,2.232341307960002,701.953592137747
50.2547,28.6587,17.039999999999992,1.9972361023100016,853.1790498024517
18.4207,-64.64,78.5312,0.7350294823919993,10684.088445600397
-51.7963,-59.5236,98.5905712693104,1.3055020423950001,7551.927769369225
49.2138,-2.1358,109.04818181818182,0.2949415304920003,36972.81343738722
-7.9467,-14.3559,57.847114561766745,1.6020000883380012,3610.9307972498536
52.1307,-3.7837,34.00830909090909,0.9305916660199988,3654.482447318439
6.4238,-66.5897,23.964787878787874,1.1138228635499998,2151.579812467379
15.552727,48.516388,86.04718197647762,1.2354031456384005,6965.1095094154325
